{
	"easycom": {
		"^u-(.*)": "@/uview-ui/components/u-$1/u-$1.vue"
	},
	"pages": [ //pages数组中第一项表示应用启动页，参考：https://uniapp.dcloud.io/collocation/pages
		// {
		// 		"path": "/pages/navbar/index",
		// 		"style": {
		// 			"navigationStyle": "custom" ,// 隐藏系统导航栏
		// 			"navigationBarTextStyle": "white" // 状态栏字体为白色，只能为 white-白色，black-黑色 二选一
		// 		}
		// },
		{
			"path":"uni_modules/y-chat/components/y-chat/y-chat",
			"style": {
				"navigationStyle": "custom" // 隐藏系统导航栏
				// "navigationBarTitleText": "uView-index"
			}
		},
		{
			"path": "pages/timepage/timepage",
			"style": {
				"navigationStyle": "custom" // 隐藏系统导航栏
				// "navigationBarTitleText": "uView-index"
			}
		},
		{
			"path": "pages/flashing/flashing",
			"style": {
				"navigationStyle": "custom" // 隐藏系统导航栏
				// "navigationBarTitleText": "uView-index"
			}
		},
		{
			"path": "pages/mainpage/mainpage",
			"style": {
				"navigationStyle": "custom" // 隐藏系统导航栏
				// "navigationBarTitleText": "uView-index"
			}
		},
		{
			"path": "pages/index/index",
			"style": {
				"navigationBarTitleText": "uView-index"
			}
		},
		{
			"path": "pages/center/index",
			"style": {
				"navigationBarTitleText": "uView-center"
			}
		},
		{
			"path": "pages/login/login",
			"style": {
				"navigationBarTitleText": "uView-center"
			}
		}
	    // ,{
     //        "path" : "pages/leading lie/leading lie",
     //        "style" :                                                                                    
     //        {
     //            "navigationBarTitleText": "",
     //            "enablePullDownRefresh": false
     //        }
            
     //    }
        ,{
            "path" : "pages/register/register",
            "style" :                                                                                    
            {
                "navigationBarTitleText": "",
                "enablePullDownRefresh": false
            }
            
        }
        ,{
            "path" : "pages/mainpage/mainpage",
            "style" :                                                                                    
            {
                "navigationBarTitleText": "",
                "enablePullDownRefresh": false
            }
            
        }
        ,{
            "path" : "pages/edit/edit",
            "style" :                                                                                    
            {
                "navigationBarTitleText": "",
                "enablePullDownRefresh": false
            }
            
        }
        ,{
            "path" : "pages/personadmin/personadmin",
            "style" :                                                                                    
            {
                "navigationBarTitleText": "",
                "enablePullDownRefresh": false
            }
            
        }
        ,{
            "path" : "pages/personadmin/popup",
            "style" :                                                                                    
            {
                "navigationBarTitleText": "",
                "enablePullDownRefresh": false
            }
            
        }
        ,{
            "path" : "pages/personadmin/transition",
            "style" :                                                                                    
            {
                "navigationBarTitleText": "",
                "enablePullDownRefresh": false
            }
            
        }
        ,{
            "path" : "pages/timepage/timepage",
            "style" :                                                                                    
            {
                "navigationBarTitleText": "",
                "enablePullDownRefresh": false
            }
            
        }
        ,{
            "path" : "pages/flashing/flashing",
            "style" :                                                                                    
            {
                "navigationBarTitleText": "",
                "enablePullDownRefresh": false
            }
            
        }
        ,{
            "path" : "pages/flashing2/flashing2",
            "style" :                                                                                    
            {
                "navigationBarTitleText": "",
                "enablePullDownRefresh": false
            }
            
        }
        ,{
            "path" : "pages/chatting/chatting",
            "style" :                                                                                    
            {
                "navigationBarTitleText": "",
                "enablePullDownRefresh": false
            }
            
        }
    ,{
    "path": "uni_modules/uni-id-pages/pages/userinfo/deactivate/deactivate",
    "style": {
        "navigationBarTitleText": "注销账号"
    }
}
,{
    "path": "uni_modules/uni-id-pages/pages/userinfo/userinfo",
    "style": {
        "navigationBarTitleText": "个人资料"
    }
}
,{
    "path": "uni_modules/uni-id-pages/pages/userinfo/bind-mobile/bind-mobile",
    "style": {
        "navigationBarTitleText": "绑定手机号码"
    }
}
,{
    "path": "uni_modules/uni-id-pages/pages/userinfo/cropImage/cropImage",
    "style": {
        "navigationBarTitleText": ""
    }
}
,{
    "path": "uni_modules/uni-id-pages/pages/login/login-withoutpwd",
    "style": {
        "navigationBarTitleText": ""
    }
}
,{
    "path": "uni_modules/uni-id-pages/pages/login/login-withpwd",
    "style": {
        "navigationBarTitleText": ""
    }
}
,{
    "path": "uni_modules/uni-id-pages/pages/login/login-smscode",
    "style": {
        "navigationBarTitleText": "手机验证码登录"
    }
}
,{
    "path": "uni_modules/uni-id-pages/pages/register/register",
    "style": {
        "navigationBarTitleText": "注册"
    }
}
,{
    "path": "uni_modules/uni-id-pages/pages/register/register-by-email",
    "style": {
        "navigationBarTitleText": "邮箱验证码注册"
    }
}
,{
    "path": "uni_modules/uni-id-pages/pages/retrieve/retrieve",
    "style": {
        "navigationBarTitleText": "重置密码"
    }
}
,{
    "path": "uni_modules/uni-id-pages/pages/retrieve/retrieve-by-email",
    "style": {
        "navigationBarTitleText": "通过邮箱重置密码"
    }
}
,{
    "path": "uni_modules/uni-id-pages/pages/common/webview/webview",
    "style": {
        "enablePullDownRefresh": false,
        "navigationBarTitleText": ""
    }
}
,{
    "path": "uni_modules/uni-id-pages/pages/userinfo/change_pwd/change_pwd",
    "style": {
        "enablePullDownRefresh": false,
        "navigationBarTitleText": "修改密码"
    }
}
,{
    "path": "uni_modules/uni-id-pages/pages/register/register-admin",
    "style": {
        "enablePullDownRefresh": false,
        "navigationBarTitleText": "注册管理员账号"
    }
}
,{
    "path": "uni_modules/uni-id-pages/pages/userinfo/set-pwd/set-pwd",
    "style": {
        "enablePullDownRefresh": false,
        "navigationBarTitleText": "设置密码"
    }
}
,{
    "path": "uni_modules/uni-id-pages/pages/userinfo/realname-verify/realname-verify",
    "style": {
        "enablePullDownRefresh": false,
        "navigationBarTitleText": "实名认证"
    }
}
,{
    "path": "uni_modules/uni-im/pages/index/index",
    "style": {
        "enablePullDownRefresh": false,
        "maxWidth": "960",
        "navigationBarTitleText": "会话列表"
    }
}
,{
    "path": "uni_modules/uni-im/pages/chat/chat",
    "style": {
        "enablePullDownRefresh": false,
        "maxWidth": "960",
        "navigationBarTitleText": ""
    }
}
,{
    "path": "uni_modules/uni-im/pages/userList/userList",
    "style": {
        "enablePullDownRefresh": false,
        "navigationBarTitleText": "用户列表"
    }
}
    ,{
            "path" : "pages/chattinghome/chattinghome",
            "style" :                                                                                    
            {
                "navigationBarTitleText": "",
                "enablePullDownRefresh": false
            }
            
        }
    ],
	"globalStyle": {
		"navigationStyle": "custom",
		"navigationBarTextStyle": "black",
		"navigationBarTitleText": "uView",
		"navigationBarBackgroundColor": "#F8F8F8",
		"backgroundColor": "#F8F8F8"
	},
	"tabBar": {
	    "color": "#909399",
	    "selectedColor": "#303133",
	    "borderStyle": "black",
	    "backgroundColor": "#ffffff",
	    "list": [{
	        "pagePath": "pages/index/index",
	        "iconPath": "static/index.png",
	        "selectedIconPath": "static/index-selected.png",
	        "text": "首页"
	    }, {
	        "pagePath": "pages/center/index",
	        "iconPath": "static/center.png",
	        "selectedIconPath": "static/center-selected.png",
	        "text": "我"
	    }]
	}
}
